genome	gene_id	accepted_ko	alternative_kos
EMPTY	empty_1	-	K00844
FERMENTER	ferm_1	K00656	-
FERMENTER	ferm_2	K00132	-
FERMENTER	ferm_3	K00001	-
FERMENTER	ferm_4	K00016	-
GENERALIST	general_1	K00844	-
GENERALIST	general_2	K01187	-
GENERALIST	general_3	K01190	-
HOMOACETOGEN	homo_1	K05299	-
HOMOACETOGEN	homo_2	K15022	-
HOMOACETOGEN	homo_3	K01938	-
HOMOACETOGEN	homo_4	K01491	-
HOMOACETOGEN	homo_5	K00297	-
HOMOACETOGEN	homo_6	K14138	-
HOMOACETOGEN	homo_7	K00197	-
HOMOACETOGEN	homo_8	K00194	-
MACROMOLECULE	macro_1	-	-
METHANOGEN	methanogen_1	K00399	-
METHANOGEN	methanogen_2	K16183	-
METHANOGEN	methanogen_3	K04480	-
METHANOTROPH	methanotroph_1	K10944	-
METHANOTROPH	methanotroph_2	K10945	-
METHANOTROPH	methanotroph_3	K10946	-
METHANOTROPH	methanotroph_4	K23995	-
METHANOTROPH	methanotroph_5	K00148	-
METHANOTROPH	methanotroph_6	K00122	-
MONOMER	monomer_1	K00844	-
NITROGEN	nitrogen_1	K10944	-
NITROGEN	nitrogen_2	K10945	-
NITROGEN	nitrogen_3	K10946	-
NITROGEN	nitrogen_4	K10535	-
NITROGEN	nitrogen_5	K00370	-
NITROGEN	nitrogen_6	K00371	-
SULFATE	sulfate_1	K00958	-
SULFATE	sulfate_2	K00394	-
SULFATE	sulfate_3	K00395	-
SULFATE	sulfate_4	K11180	-
SULFATE	sulfate_5	K11181	-
SULFATE	sulfate_6	K23077	-
