name	rule	module	group	notes	gene_ids	Order
Plant Polymer Mixed	@PlantPolymerMixed	Carbon Processing	polymer			1
Cellulose	@Cellulose	Carbon Processing	polymer			2
Hemicellulose-Xylan	@Hemicellulose-Xylan	Carbon Processing	polymer			3
Hemicellulose-Other	@Hemicellulose-Other	Carbon Processing	polymer	mannan/xyloglucan/galactan		4
Pectin	@Pectin	Carbon Processing	polymer			5
Arabinogalactan	@Arabinogalactan	Carbon Processing	polymer			6
Cutin 	@Cutin	Carbon Processing	polymer			7
Fructan	@Fructan	Carbon Processing	polymer			8
Starch Specific	@StarchSpecific	Carbon Processing	polymer			9
Starch/Glycogen	@StarchGlycogen	Carbon Processing	polymer			10
Chitin	@Chitin	Carbon Processing	polymer			11
Microbially-derived	@Microbially-derived	Carbon Processing	polymer			12
Cellulose-derived	@Cellulose-derived	Carbon Processing	oligomer			13
Hemicellulose-derived xylan	@Hemicellulose-derived-xylan	Carbon Processing	oligomer			14
Hemicellulose-derived other	@Hemicellulose-derived-other	Carbon Processing	oligomer			15
Pectin-derived	@Pectin-derived	Carbon Processing	oligomer			16
Fructan-derived 	@Fructan-derived	Carbon Processing	oligomer			17
Starch/Glycogen-derived	@Starch-Glycogen-derived	Carbon Processing	oligomer			18
Chitin-derived	@Chitin-derived	Carbon Processing	oligomer			19
Chitin / other-derived	@Chitin-other-derived	Carbon Processing	oligomer			20
Other oligosaccharides	@Other-oligosaccharides	Carbon Processing	oligomer			21
Cellobiose	@Cellobiose	Carbon Processing	disaccharide			22
Maltose	@Maltose	Carbon Processing	disaccharide			23
Sucrose	@Sucrose	Carbon Processing	disaccharide			24
Trehalose	@Trehalose	Carbon Processing	disaccharide			25
Lactose	@Lactose	Carbon Processing	disaccharide			26
Xylan/Xylobiose	@XylanXylobiose	Carbon Processing	disaccharide			27
Mannose/Mannobiose	@Mannose-Mannobiose	Carbon Processing	disaccharide			28
Other disaccharides	@Other-disaccharides	Carbon Processing	disaccharide			29
Glucose	@Glucose	Carbon Processing	monosaccharide			30
Xylose	@Xylose	Carbon Processing	monosaccharide			31
Arabinose	@Arabinose	Carbon Processing	monosaccharide			32
Mannose	@Mannose	Carbon Processing	monosaccharide			33
Galactose	@Galactose	Carbon Processing	monosaccharide			34
Fructose	@Fructose	Carbon Processing	monosaccharide			35
Rhamnose	@Rhamnose	Carbon Processing	monosaccharide			36
N-Acetylglucosamine (Glc-NAc)	@N-Acetylglucosamine	Carbon Processing	monosaccharide			37
Fucose	@Fucose	Carbon Processing	monosaccharide			38
Acetate	@Acetate-Final	Carbon Processing	low-molecular-weight-carbon			39
Butyrate	@Butyrate-Final	Carbon Processing	low-molecular-weight-carbon			40
Propionate	@Propionate-Final	Carbon Processing	low-molecular-weight-carbon			41
Ethanol/Alcohol	@Ethanol	Carbon Processing	low-molecular-weight-carbon			42
Methanol	@Methanol	Carbon Processing	low-molecular-weight-carbon			43
CO2 Fixation	@CO2fixation	C1 Metabolism	C1 Metabolism			44
CH4 Oxidation Aerobic 	@TRUEPmoA	C1 Metabolism	C1 Metabolism			45
CH4 Production or Anaerobic Oxidation	@Methanogen	C1 Metabolism	C1 Metabolism			46
CO Metabolism 	@carboxydotroph 	C1 Metabolism	C1 Metabolism			47
N2 Fixation	@nitrogen-fixer	Inorganic Nitrogen Transformation	N2 fixation			48
Aerobic Ammonium Oxidation	@AerobicAmmoniaOxidizer	Inorganic Nitrogen Transformation	Nitrification			49
Aerobic Nitrite Oxidation	@NitriteOxidoreductase	Inorganic Nitrogen Transformation	Nitrification			50
Comammox	@Comammox		Nitrification			51
Anaerobic Ammonium Oxidation	@Annamox 	Inorganic Nitrogen Transformation	Nitrification			52
NO3 To NO2	@NarNitrateReductase|[@NapNitrateReductase]	Inorganic Nitrogen Transformation	N Reduction			53
NO2 To NO	@NitriteReductase	Inorganic Nitrogen Transformation	N Reduction			54
NO To N2O	@NitricOxideReductase	Inorganic Nitrogen Transformation	N Reduction			55
N2O To N2	@NitrousOxideReductase	Inorganic Nitrogen Transformation	N Reduction			56
DNRA full, NO3 To NH4	@DNRA	Inorganic Nitrogen Transformation	N Reduction			57
DNRA partial, NO2 To NH4 (NrfA only)	@nrfA	Inorganic Nitrogen Transformation	N Reduction			58
NO3 To NH4 with NirBD (no NrfA)	[@NarNitrateReductase|@NapNitrateReductase] & [K00362 & K00363]	Inorganic Nitrogen Transformation	N Reduction			59
Extracellular Aspartic Peptidases	A01 | A02 | A05 | A08 | A11 | A22 | A24 | A26 | A28 | A31 | A32 | A37	Organic Nitrogen Transformation	Organic Nitrogen Transformation			60
Extracellular Cysteine Peptidases	C01 | C02 | C10 | C11 | C110 | C113 | C13 | C14 | C15 | C19 | C25 | C39 | C45 | C46 | C47 | C51 | C56 | C59 | C60 | C66 | C69 | C82 | C83 | C89 | C93	Organic Nitrogen Transformation	Organic Nitrogen Transformation			61
Extracellular Glutamic Peptidases	G01	Organic Nitrogen Transformation	Organic Nitrogen Transformation			62
Extracellular Metallo Peptidases	M01 | M02 | M03 | M04 | M05 | M06 | M07 | M08 | M09 | M10 | M11 | M12 | M13 | M14 | M15 | M16 | M18 | M19 | M20 | M23 | M24 | M26 | M28 | M30 | M32 | M34 | M35 | M36 | M42 | M43 | M44 | M48 | M49 | M50 | M54 | M55 | M56 | M57 | M60 | M61 | M64 | M66 | M67 | M72 | M73 | M74 | M75 | M76 | M78 | M81 | M82 | M84 | M85 | M86 | M88 | M93 | M96 | M97 | M98	Organic Nitrogen Transformation	Organic Nitrogen Transformation			63
Extracellular Asparagine Peptidases	N04 | N10 | N11	Organic Nitrogen Transformation	Organic Nitrogen Transformation			64
Extracellular Serine Peptidases	S01 | S06 | S08 | S09 | S10 | S16 | S26 | S28 | S37 | S41 | S45 | S46 | S49 | S50 | S51 | S53 | S55 | S59 | S60 | S66 | S73	Organic Nitrogen Transformation	Organic Nitrogen Transformation			65
Extracellular Threonine Peptidases	T01 | T02 | T05 | T07	Organic Nitrogen Transformation	Organic Nitrogen Transformation			66
Unknown Peptidases	U32 | U62 | U69 | U72 | U73 | U74	Organic Nitrogen Transformation	Organic Nitrogen Transformation			67
Mixed Peptidases	P01	Organic Nitrogen Transformation	Organic Nitrogen Transformation			68
Urease	[K01428&K01429&K01430]	Organic Nitrogen Transformation	Organic Nitrogen Transformation			69
Amidase	K01426	Organic Nitrogen Transformation	Organic Nitrogen Transformation			70
Formamidase	K01455	Organic Nitrogen Transformation	Organic Nitrogen Transformation			71
Urea Transport	K11963	Nitrogen uptake and transport	Nitrogen uptake and transport			72
Ammonium Transport	K03320	Nitrogen uptake and transport	Nitrogen uptake and transport			73
Nitrate/Nitrite Transporter	K02575	Nitrogen uptake and transport	Nitrogen uptake and transport			74
C-P Lyase Complex	K06166 & K06165 & K06164 & K06163 & K05781 & K05780 & K06162	Phosphorus Transformations	Phosphorus Transformations			75
Phosphatase [Mineralization]	K07093 | K01077 | K09474 | K01078 | K03788	Phosphorus Transformations	Phosphorus Transformations			76
Phytase	K01093 | K01083	Phosphorus Transformations	Phosphorus Transformations			77
Inorganic P Solubilization	K01514 | K01507 | K06137 | K00117	Phosphorus Transformations	Phosphorus Transformations			78
Organosulfur Mineralization	[K04091 & K04092] | K03119 | K01130	Organic and Inorganic Sulfur	Sulfur Aqusition and Transformation			79
Sulfur Reduction	@Sulfatereducer	Organic and Inorganic Sulfur	Sulfur Aqusition and Transformation			80
Sulfur Oxidation	@sulfateoxidizer	Organic and Inorganic Sulfur	Sulfur Aqusition and Transformation			81
Sulfur Transport	[K02048 & K02049 & K02050 & K02051] | [K15554 & K15555 & K15556] | [K15551 & K15552 & K15553]	Organic and Inorganic Sulfur	Sulfur Aqusition and Transformation			82
Alpha-D-Glucosidase	K01188 | K05349 | K05350	Enzyme Assay Analog	Genomic 'Enzyme Assay'			83
Alpha-D-Xylosidase	K01198 | K15920 | K22268	Enzyme Assay Analog	Genomic 'Enzyme Assay'			84
Arylsulphatase	K01130	Enzyme Assay Analog	Genomic 'Enzyme Assay'			85
N-Acetyl-Alpha-D-Glucosaminidase	K01227	Enzyme Assay Analog	Genomic 'Enzyme Assay'			86
Phosphatase	K01078|K01093|K03788|K09474|K01077	Enzyme Assay Analog	Genomic 'Enzyme Assay'			87
Leucine Aminopeptidase	K01255 | K11142	Enzyme Assay Analog	Genomic 'Enzyme Assay'			88
Cellobiohydrolase	K01225 | K19668	Enzyme Assay Analog	Genomic 'Enzyme Assay'			89
Alpha-1,4-Glucosidase	K01187 | K12047 | K12316 | K12317	Enzyme Assay Analog	Genomic 'Enzyme Assay'			90
Peroxidase	K05910	Enzyme Assay Analog	Genomic 'Enzyme Assay'			91
Phenoloxidase	K00421 | K05909	Enzyme Assay Analog	Genomic 'Enzyme Assay'			92
Auxin [Iaa] Biosynthesis	K04103 | [K00466 & [K21801 | K01426]] | K01593| [K01501 & K01721]	Plant Growth Regulators	Phytohormones			93
Auxin [Iaa] Turnover	K22027  | K23384  | K03397	Plant Growth Regulators	Phytohormones			94
Acc Deaminase	[K01505]	Plant Growth Regulators	Phytohormones			95
Cytokinin Biosynthesis	K00791 | K22871 |K10760 	Plant Growth Regulators	Phytohormones			96
Cytokinin Turnover	K00279	Plant Growth Regulators	Phytohormones			97
Gibberellins	[K21116 & K21117 & K21118] | [K04122 & K04123 & K05282] | K04124 | K12920 | K12919 | K20657 | K04121	Plant Growth Regulators	Phytohormones			98
Sugar Derived	[K00697 & K01087] | [K01236 & K06044] | K05343 | [K00009 & K19270]	Environmental Adaptations	Compatible solute biosynthesis			99
Glycosylated 	[K03692 & K05978] | [K05947 & K07026] | K18818	Environmental Adaptations	Compatible solute biosynthesis			100
Amino Acid Derived	[K00931 & K00147 & K00286] | [K06718 & K00836 & K06720]	Environmental Adaptations	Compatible solute biosynthesis			101
Glycine betaine related	[[K00108 | K11440] & K00130] | [K18896 & K18897]	Environmental Adaptations	Compatible solute biosynthesis			102
Superoxide	@Superoxide	Environmental Adaptations	Other Stress Adaptation			103
Peroxide-catalase	@Peroxide-catalase	Environmental Adaptations	Other Stress Adaptation			104
Peroxide-peroxiredoxin	@Peroxide-peroxiredoxin	Environmental Adaptations	Other Stress Adaptation			105
Cd/Zn/Co Heavy Metal Efflux	[K15726 & K15727 & K15725]	Heavy Metals	Anthropogenic Stressors			106
Cd/Zn ATPase Efflux (CadA)	K01534	Heavy Metals	Anthropogenic Stressors			107
Copper Detox	@CopperDetox	Heavy Metals	Anthropogenic Stressors			108
Arsenic Detox	@ArsenicDetox	Heavy Metals	Anthropogenic Stressors			109
Arsenic Redox Metabolism	@ArsenicRedox	Heavy Metals	Anthropogenic Stressors			110
High Affinity Zn Uptake	at_least(2,PRESENCE,[K02077, K02078, K02078])	Heavy Metals	Anthropogenic Stressors			111
Pesticide-Pyrethroid Degradation	K20992 	Potential pesticide degradation	Anthropogenic Stressors			112
Pesticide-Atrazine Degradation	K05394 & K03382 & K08710	Potential pesticide degradation	Anthropogenic Stressors			113
Pesticide-2,4-D degradation	K06912	Potential pesticide degradation	Anthropogenic Stressors			114
