genome	nitrogen_redox-nitrate_reduction	nitrogen_redox-denitrification	nitrogen_redox-nitrogen_fixation	nitrogen_redox-anammox	nitrogen_redox-ammonia_oxidation	nitrogen_redox-nitrite_oxidation	nitrogen_redox-nitric_oxide_oxidation	nitrogen_redox-comammox	nitrogen_redox-assimilatory_nitrate_reduction	chemotaxis-all	flagella_assembly-all	sulfur_redox-dissimilatory_sulfate_reduction	sulfur_redox-assimilatory_sulfate_reduction	sulfur_redox-dissimilatory_sulfur_oxidation	urea_degradation-all	carbon_redox-assimilatory_methanotrophy	carbon_redox-dissimilatory_methanotrophy	phosphorous_redox-phosphite_oxidation	phosphorous_redox-assimilatory_phosphonate_oxidation	phosphorous_redox-anabolic_phosphate_reduction	xylose_degradation-isomerase_pathway	xylose_degradation-oxidoreductase_pathway	xylose_degradation-xylonate_hydratase_pathway	xylose_degradation-weimburg_dahms	acetogenesis-all	acetogenesis-simple	ethanol_fermentation-all	lactate_fermentation-all	propionate_fermentation-succinate_pathway	propionate_fermentation-acrylate_pathway	butanoate_fermentation-succinate_pathway	butanoate_fermentation-acetyl_coa_pathway	lactose_degradation-all	galactose_degradation-all	sucrose_degradation-all	fructose_degradation-all	mannose_degradation-all	fucose_degradation-all	galacturonic_acid_degradation-all	glycerol_degradation-glycerol	glycerol_degradation-glycerone	methanogenesis-common	hydrogenotrophic_methanogenesis-all	acetoclastic_methanogenesis-all	methylotrophic_methanogenesis-h2_dependent	methylotrophic_methanogenesis-h2_independent	Calvin_Benson-all	rTCA-all	Wood_Ljungdahl-acetogen	Wood_Ljungdahl-methanogen	Fuchs_Holo-all	HPHB_DCHB-DCHB	HPHB_DCHB-HPHB	reductive_glycine-serine_pathway	reductive_glycine-acetyl_pathway	CAZy-Starch	CAZy-Chitin	CAZy-Pectin
EMPTY	False	False	False	False	False	False	False	False	False	False	False	False	False	False	False	False	False	False	False	False	False	False	False	False	False	False	False	False	False	False	False	False	False	False	False	False	False	False	False	False	False	False	False	False	False	False	False	False	False	False	False	False	False	False	False	False	False	False
FERMENTER	False	False	False	False	False	False	False	False	False	False	False	False	False	False	False	False	False	False	False	False	False	False	False	False	False	False	True	True	False	False	False	False	False	False	False	False	False	False	False	False	False	False	False	False	False	False	False	False	False	False	False	False	False	False	False	False	False	False
GENERALIST	False	False	False	False	False	False	False	False	False	False	False	False	False	False	False	False	False	False	False	False	False	False	False	False	False	False	False	False	False	False	False	False	True	False	True	True	False	False	False	False	False	False	False	False	False	False	False	False	False	False	False	False	False	False	False	True	True	True
HOMOACETOGEN	False	False	False	False	False	False	False	False	False	False	False	False	False	False	False	False	False	False	False	False	False	False	False	False	False	False	False	False	False	False	False	False	False	False	False	False	False	False	False	False	False	False	False	False	False	False	False	False	True	False	False	False	False	False	False	False	False	False
MACROMOLECULE	False	False	False	False	False	False	False	False	False	False	False	False	False	False	False	False	False	False	False	False	False	False	False	False	False	False	False	False	False	False	False	False	False	False	False	False	False	False	False	False	False	False	False	False	False	False	False	False	False	False	False	False	False	False	False	True	False	False
METHANOGEN	False	False	False	False	False	False	False	False	False	False	False	False	False	False	False	False	False	False	False	False	False	False	False	False	False	False	False	False	False	False	False	False	False	False	False	False	False	False	False	False	False	False	False	False	False	False	False	False	False	False	False	False	False	False	False	False	False	False
METHANOTROPH	False	False	False	False	False	False	False	False	False	False	False	False	False	False	False	False	True	False	False	False	False	False	False	False	False	False	False	False	False	False	False	False	False	False	False	False	False	False	False	False	False	False	False	False	False	False	False	False	False	False	False	False	False	False	False	False	False	False
MONOMER	False	False	False	False	False	False	False	False	False	False	False	False	False	False	False	False	False	False	False	False	False	False	False	False	False	False	False	False	False	False	False	False	False	False	False	True	False	False	False	False	False	False	False	False	False	False	False	False	False	False	False	False	False	False	False	False	False	False
NITROGEN	False	False	False	False	True	True	False	True	False	False	False	False	False	False	False	False	False	False	False	False	False	False	False	False	False	False	False	False	False	False	False	False	False	False	False	False	False	False	False	False	False	False	False	False	False	False	False	False	False	False	False	False	False	False	False	False	False	False
SULFATE	False	False	False	False	False	False	False	False	False	False	False	True	False	False	False	False	False	False	False	False	False	False	False	False	False	False	False	False	False	False	False	False	False	False	False	False	False	False	False	False	False	False	False	False	False	False	False	False	False	False	False	False	False	False	False	False	False	False
