pathway	reaction_id	definition
nitrogen_redox	1	(K003700+K003710),(K02567+K02568)
nitrogen_redox	2	(K00362+K00363),(K03385+K15876)
nitrogen_redox	3	K00368,K15864
nitrogen_redox	4	K045611
nitrogen_redox	5	(K045610+K02305),(K12264+K12265),(K05601+K11933)
nitrogen_redox	6	K00376
nitrogen_redox	7	(K02588+K02586+K02591+K02585+K02587+K02592+K15790+K04488),(K22899+K22898+K22896+K22897+K02585+K02592+K22903),(K02588+K00531+K02586+K02591+K02585+K04488)
nitrogen_redox	8	K20932+K20933+K20934
nitrogen_redox	9	K20935
nitrogen_redox	10	K109461+K109441+K109451
nitrogen_redox	11	K10535
nitrogen_redox	13	K003701+K003711
nitrogen_redox	14	K05916
nitrogen_redox	15	K03385+K04013
nitrogen_redox	16	(K00372+K00360),(K00367)
nitrogen_redox	17	(K00362+K00363),(K00366)
chemotaxis	1	K03406,K05874,K05875,K05876,K05877,K03776,K06595
chemotaxis	2	K03408
chemotaxis	3	K03407
chemotaxis	4	K03413
chemotaxis	5	(K03412+K00575),K13924
flagella_assembly	1	K02556+K02557
flagella_assembly	2	K02410+K02416+K02417
flagella_assembly	3	K02400+K02401+K02412+K02414+K02419+K02420+K02421
flagella_assembly	4	K02409
flagella_assembly	5	K02387+K02388+K02391+K02392
flagella_assembly	6	K02394
flagella_assembly	7	K02393
flagella_assembly	8	K02390+K02397+K02396
flagella_assembly	9	K02406
sulfur_redox	1	K00958,K00955
sulfur_redox	2	K00394+K00395
sulfur_redox	3	K111800+K111810+K23077
sulfur_redox	4	K08357+K08358+K08359
sulfur_redox	5	K08352+K08353+K08354
sulfur_redox	6	K00860,K00955
sulfur_redox	7	K00390
sulfur_redox	8	(K00380+K00381),K00392
sulfur_redox	9	K111801+K111811+K23077
sulfur_redox	10	(K17222+K17223+K17224+K17225+K17226+K17227+K22622),(K17224+K17226+K17227),(K17223+K17226+K17227),(K17224+K17225+K22622)
sulfur_redox	11	K17218
sulfur_redox	12	K17229+K17230
sulfur_redox	13	K16952
sulfur_redox	14	K17219+K17220+K17221
urea_degradation	1	K01427,(K01428+K01429+K01430),(K01428+K14048)
carbon_redox	3	(K109460+K109440+K109450),(K16157+K16158+K16159+K16160+K16161)
carbon_redox	4	(K14028+K14029),K23995
carbon_redox	5	K10713,K13812
carbon_redox	6	K00148,(K03396+K00121+K01070),(K10713+K10714+K01499+K00672)
carbon_redox	7	K00122,(K05299+K15022),(K00123+K22515),(K08348+K08349+K08350),(K00123+K00124+K00127)
cellulose_degradation	1	K20829
cellulose_degradation	2	K19668
cellulose_degradation	3	K05349,K05350
cellulose_degradation	4	K00702
xylan_degradation	1	K01198,K22268
xylose_degradation	1	K01805
xylose_degradation	2	K00854
xylose_degradation	3	K17743
xylose_degradation	4	K05351,K00008
xylose_degradation	5	K14273,K00078,K24442
xylose_degradation	6	K14274,K24443
xylose_degradation	7	K14275,K22186,K22396
xylose_degradation	8	K00117
acetogenesis	1	(K00163+K00627),(K00161+K00162+K00627),(K00169+K00170+K00171+K00172),(K00169+K00170+K00171+K00189),(K03737),(K00174+K00175),(K00656)
acetogenesis	2	K00625,K13788,K04020
acetogenesis	3	K01512,K00925
acetogenesis	4	K00156
acetogenesis	5	K00158
acetogenesis	6	K01067
ethanol_fermentation	1	(K00163+K00627),(K00161+K00162+K00627),(K00169+K00170+K00171+K00172),(K00169+K00170+K00171+K00189),(K03737),(K00174+K00175),(K00656)
ethanol_fermentation	2	K00132,K04072,K04073,K18366
ethanol_fermentation	3	K13953,K13954,K00001,K00121,K04072,K00002,K12957,K13979,K14028+K14029,K00114
ethanol_fermentation	4	K01568
ethanol_fermentation	5	K22473+K22474
lactate_fermentation	1	K00016,K00101
lactate_fermentation	2	K03777,K03778,K00102,K18930,K21836
propionate_fermentation	6	K01847,(K01848+K01849)
propionate_fermentation	7	K05606
propionate_fermentation	8	K11264,K03416
propionate_fermentation	9	K01026,(K01905+K22224),K24012
propionate_fermentation	10	K00016,K00101,K03777,K03778,K00102,K18930,K21836
propionate_fermentation	11	K01026
propionate_fermentation	12	K20626+K20627
propionate_fermentation	13	K20143,K19745,K00248,K00232
butanoate_fermentation	6	K18119
butanoate_fermentation	7	K18120,K00043,K08318
butanoate_fermentation	8	K18122
butanoate_fermentation	9	K14534
butanoate_fermentation	10	K17829,K00209
butanoate_fermentation	11	(K01034+K01035),K19709
butanoate_fermentation	12	K00634
butanoate_fermentation	13	K00929
butanoate_fermentation	14	(K00163+K00627),(K00161+K00162+K00627),(K00169+K00170+K00171+K00172),(K00169+K00170+K00171+K00189),(K03737),(K00174+K00175),(K00656)
butanoate_fermentation	15	K00626
butanoate_fermentation	16	K07516,K00022,K00074,K00023
butanoate_fermentation	17	K01825,K01782,K01715,K01692,K17865
lactose_degradation	1	K01190,(K12111+K12112)
galactose_degradation	1	K01785
galactose_degradation	2	K00849
galactose_degradation	3	K00965
galactose_degradation	4	K01784
sucrose_degradation	1	K01187
sucrose_degradation	2	K01193
sucrose_degradation	3	K00690
fructose_degradation	1	K00847,K00844
mannose_degradation	1	K00844
mannose_degradation	2	(K02793+K02795+K02796),(K02794+K02795+K02796)
mannose_degradation	3	K01809,K15916,K16011
fucose_degradation	1	K01818
fucose_degradation	2	K00879
fucose_degradation	3	K01628
galacturonic_acid_degradation	1	K01812
galacturonic_acid_degradation	2	K00041
galacturonic_acid_degradation	3	K01685,K16849+K16850
galacturonic_acid_degradation	4	K00874
galacturonic_acid_degradation	5	K01625,K17463
methanogenesis	1	(K00577+K00578+K00579+K00580+K00581+K00582+K00583+K00584)
methanogenesis	2	K00399+K00401+K00402
methanogenesis	3	(K22480+K22481+K22482),(K03388+K03389+K03390),(K08264+K08265)
hydrogenotrophic_methanogenesis	1	(K00200+K00201+K00202+K00203+K11261+K00205),(K00200+K00201+K00202+K00203+K11261+K11260),(K00200+K00201+K00202+K00203+K11261+K00204)
hydrogenotrophic_methanogenesis	2	K00672
hydrogenotrophic_methanogenesis	3	K01499
hydrogenotrophic_methanogenesis	4	K00319,K13942
hydrogenotrophic_methanogenesis	5	K00320
hydrogenotrophic_methanogenesis	6	(K00577+K00578+K00579+K00580+K00581+K00582+K00583+K00584)
hydrogenotrophic_methanogenesis	7	K00399+K00401+K00402
hydrogenotrophic_methanogenesis	8	(K22480+K22481+K22482),(K03388+K03389+K03390),(K08264+K08265)
acetoclastic_methanogenesis	1	K01895
acetoclastic_methanogenesis	2	K01512,K00925
acetoclastic_methanogenesis	3	K00625,K13788,K04020
acetoclastic_methanogenesis	4	K00193+K00194+K00197
acetoclastic_methanogenesis	5	(K00577+K00578+K00579+K00580+K00581+K00582+K00583+K00584)
acetoclastic_methanogenesis	6	K00399+K00401+K00402
acetoclastic_methanogenesis	7	(K22480+K22481+K22482),(K03388+K03389+K03390),(K08264+K08265)
acetoclastic_methanogenesis	8	K00192+K00195
methylotrophic_methanogenesis	1	K14080+K04480+K14081
methylotrophic_methanogenesis	2	K14082+K16176+K16177
methylotrophic_methanogenesis	3	K14082+K16178+K16179
methylotrophic_methanogenesis	4	K14082+K14083+K14084
methylotrophic_methanogenesis	5	K16954+K16955
methylotrophic_methanogenesis	6	K00399+K00401+K00402
methylotrophic_methanogenesis	7	(K22480+K22481+K22482),(K03388+K03389+K03390),(K08264+K08265)
methylotrophic_methanogenesis	8	K00320
methylotrophic_methanogenesis	9	K00319,K13942
methylotrophic_methanogenesis	10	K01499
methylotrophic_methanogenesis	11	K00672
methylotrophic_methanogenesis	12	(K00200+K00201+K00202+K00203+K11261+K00205),(K00200+K00201+K00202+K00203+K11261+K11260),(K00200+K00201+K00202+K00203+K11261+K00204)
Calvin_Benson	1	K01601+K01602
Calvin_Benson	2	K00927
Calvin_Benson	3	K00134,K00150
Calvin_Benson	4	K01803
Calvin_Benson	5	K01623,K01624
Calvin_Benson	6	K03841,K02446,K11532,K01086,K04041
Calvin_Benson	7	K00615
Calvin_Benson	8	K01623,K01624
Calvin_Benson	9	K01100,K11532,K01086
Calvin_Benson	10	K01807,K01808
Calvin_Benson	11	K01783
Calvin_Benson	12	K00855
rTCA	1	K15230+K15231,K01648,K15232+K15233+K15234
rTCA	4	(K00244+K00245+K00246+K00247),(K18556+K18557+K18558+K18559+K18560)
rTCA	6	K00174+K00175+K00176+K00177
Wood_Ljungdahl	1	K05299+K15022,K22015+K25123+K25124
Wood_Ljungdahl	2	K01938
Wood_Ljungdahl	3	(K00200+K00201+K00202+K00203+K11261+K00205),(K00200+K00201+K00202+K00203+K11261+K11260),(K00200+K00201+K00202+K00203+K11261+K00204)
Wood_Ljungdahl	4	K00672
Wood_Ljungdahl	5	K01491,K01500
Wood_Ljungdahl	6	K01499
Wood_Ljungdahl	7	K01491
Wood_Ljungdahl	8	K00319,K13942
Wood_Ljungdahl	9	K00297
Wood_Ljungdahl	10	K00320
Wood_Ljungdahl	11	K14138+K00197+K00194
Fuchs_Holo	1	K01961+K01962+K01963+K02160
Fuchs_Holo	2	K14468
Fuchs_Holo	3	K14469,K15018+K15019+K15020
Fuchs_Holo	4	K15052
Fuchs_Holo	5	K05606
Fuchs_Holo	6	K01847,K01848+K01849
Fuchs_Holo	7	K14471+K14472
Fuchs_Holo	10	K08691
Fuchs_Holo	11	K14449
Fuchs_Holo	12	K14470
Fuchs_Holo	13	K09709
HPHB_DCHB	1	K00169+K00170+K00171+K00172
HPHB_DCHB	2	K01007
HPHB_DCHB	6	(K00244+K00245+K00246+K00247),(K18556+K18557+K18558+K18559+K18560)
HPHB_DCHB	8	(K01962+K01963+K02160),(K01962+K18472+K02160)
HPHB_DCHB	9	K14468
HPHB_DCHB	10	K14468
HPHB_DCHB	11	K14469,K15018+K15019+K15020
HPHB_DCHB	12	K14469,K15018+K15019+K15020
HPHB_DCHB	13	K14469,K15018+K15019+K15020
HPHB_DCHB	14	K05606
HPHB_DCHB	15	K01847,K01848+K01849
HPHB_DCHB	16	K18119
HPHB_DCHB	17	K18120,K00043,K08318
HPHB_DCHB	18	K18122
HPHB_DCHB	19	K14534
HPHB_DCHB	20	K01825,K01782,K01715,K01692,K17865
HPHB_DCHB	21	K07516,K00022,K00074,K00023
HPHB_DCHB	22	K00626
phosphorous_redox	2	K01841,K23999
phosphorous_redox	3	K09459
phosphorous_redox	5	K18916
phosphorous_redox	6	(K06166+K06165+K06164+K06162+K05780+K06163+K05781),(K23996+K05915)
phosphorous_redox	7	K19669
phosphorous_redox	8	K19670
phosphorous_redox	9	K05306
reductive_glycine	1	K05299+K15022,K22015+K25123+K25124
reductive_glycine	2	K01938
reductive_glycine	3	K01491
reductive_glycine	4	K02437+(K00282+K00283,K00281)+K00605+K00382
reductive_glycine	5	K00600
reductive_glycine	6	K01752,K01754
reductive_glycine	7	K10670+K10671+K10672+K21576+K21577
reductive_glycine	8	K00625,K13788,K04020
reductive_glycine	9	K01512,K00925
reductive_glycine	10	K01895
reductive_glycine	11	(K00169+K00170+K00171+K00172),(K00169+K00170+K00171+K00189),(K03737)
glycerol_degradation	1	K00864
glycerol_degradation	2	(K00111+K00112+K00113),(K00057)
glycerol_degradation	3	(K05878+K05879+K05881),(K00863)
glycerol_degradation	4	K01803
sulfur_redox	15	K17993+K17994+K17995+K17996
